{
  "base": {
    "name": "fraud",
    "data": "../data/fraud_dataset.csv",
    "label": "flagged_fraud",
    "epochs": 500,
    "epsilon": 1e-5,
    "tolerance": 0.5,
    "normalize": "standard",
    "beta": 1.0
  },
  "grid": {
    "test_per": [null],
    "lr": [0.00001, 0.00003, 0.0001, 0.0003, 0.001, 0.003, 0.01, 0.03, 0.1, 0.3],
    "lr_linear": [0.00001, 0.00003, 0.0001, 0.0003, 0.001, 0.003],
    "lr_nonlinear": [0.00001, 0.00003, 0.0001, 0.0003, 0.001, 0.003, 0.01, 0.03, 0.1, 0.3],
    "seed":     [1,2,3,4,5,6,7,8,9,10],
    "activation": ["tanh", "logistic"]
  }
}
